Title,Location,Company,Salary,Sponsored,Description,Days Posted
Data Analyst,"Austin, TX",SubjectWell,None,Organic,None,30+ days ago
Data Engineer,"Austin, TX",Seen by Indeed,None,Organic,None,30+ days ago
Data Engineer,"Austin, TX","Aunt Bertha, a Public Benefit Corp.",None,Organic,None,8 days ago
MDAT Data Engineer,"Austin, TX",Accenture,None,Organic,None,4 days ago
Machine Learning Ops Engineer,"Austin, TX 78702 (Rosewood area)",Pensa Systems,None,Organic,None,7 days ago
Data Warehouse Engineer,"Austin, TX",Seen by Indeed,None,Organic,None,30+ days ago
"Data Scientist - Sports Analytics (Full-Time, Entry-Level, S...","Austin, TX 78703",Zelus Analytics,"$70,000 - $100,000 a year",Organic,None,30+ days ago
Entry-Level Data Science and AI Curriculum Developer,"Austin, TX 73344",IBM,None,Organic,None,6 days ago
Machine Learning,"Austin, TX",Amgenium,$70 - $75 an hour,Organic,None,Just posted
Data Science Analyst,"Austin, TX 78746",Revionics,None,Organic,None,11 days ago
Data Scientist,"Austin, TX",Jacobs,None,Organic,None,Just posted
Data Science,"Austin, TX 78738",TransVoyant,None,Organic,None,6 days ago
Data Science Interns,"Austin, TX 78730",SailPoint,None,Organic,None,30+ days ago
Data Scientist - Healthcare Exp Required,"Austin, TX 78704 (South Lamar-South Congress area)",ClosedLoop.ai,None,Organic,None,30+ days ago
